Unification of Accentrue Australia Holdings Pty Ltd-->Accentrue
Unification of ACCENT SAFETY SYSTEMS-->Accent
Unification of Accenture-->Accenture
Unification of ACCENTURE-->Accenture
Unification of ACTCOPICKERING METAL INDUSTRIES PT-->Actcopickering Metal
Unification of ACTCO PICKERING METAL INDUSTRIES PTY LTD-->Actco Pickering Metal
Unification of ACT CRICKET ASSOCIATION-->Cricket
Unification of ACT CRICKET ASSOCIATION INC-->Cricket
Unification of Borroloola HostelGuesthouse-->Borroloola Hostelguesthouse
Unification of BORROLOOLA HOSTELGUEST HOUSE-->Borroloola Hostelguest
Unification of BORROLOOLAHOSTELGUESTHOUSE-->Borroloolahostelguesthouse
Unification of Brand Expression Pty Ltd-->
Unification of Brand Finance Australia Pty Ltd-->
Unification of Brand Finance Australia Pty Ltd-->
Unification of Brand FinanceAustralia Pty Ltd-->Financeaustralia
Unification of BRAND FINANCE AUSTRALIA PTY LTD-->
Unification of Brand Finance Pty Ltd-->
Unification of Brand Finance Pty Ltd-->
Unification of Brand Finance Pty Lyd-->Lyd
Unification of Zettaserve Pty Ltd-->Zettaserve
Unification of Zetta Serve Pty Ltd-->Zetta
Unification of Zenter Shipping Pty Ltd-->Zenter
Unification of Zentner Shipping-->Zentner
Unification of Yu Shih Tao Kung Fu-->Yu Shih Tao Kung Fu
Unification of Yu ShihTao Kung Fu-->Yu Shihtao Kung Fu
Unification of Youth Education Centre-->
Unification of YOUTH EDUCATION CENTRE-->
Unification of YellowEdge Pty Ltd-->Yellowedge
Unification of Yellow Edge PTY LTD-->Yellow Edge
Unification of XIS Data Solutions Pty Limited-->Xis
Unification of XSI Data Solution-->Xsi
Unification of WORK SOLUTIONS GROUP-->
Unification of Work Solutions Group PL-->
Unification of Work Solutions Group Pty Ltd-->
Unification of WORK SOLUTIONS GROUP PTY LTD-->
Unification of WORK SOLUTIONS PTY LTD-->
Unification of Workplace research Associates Pty Ltd-->
Unification of Workplace Research Associates Pty Ltd-->
Unification of Workplace Research Associates Pty Ltd-->
Unification of Workplace Research Associates PTY LTD-->
Unification of WORKPLACE RESEARCH ASSOCIATES PTY LTD-->
Unification of Wizard People-->
Unification of WIZARD PEOPLE-->
Unification of Wizard People PL-->
Unification of WIZARD PEOPLE PL-->
Unification of Wizard People Pty Limited-->
Unification of Wizard People Pty Ltd-->
Unification of WIZARD PEOPLE PTY LTD-->
Unification of WIZARD PEOPLE PTY LTD TA-->
Unification of Wizard Personnel-->
Unification of WIZARD PERSONNEL-->
Unification of Wizard Personnel and Office Services-->
Unification of WIZARD PERSONNEL and OFFICE SERVICES PL-->
Unification of Wizard Personnel and Office Services Pty-->
Unification of Wizard Personnel and Office Services Pty Ltd-->
Unification of WIZARD PERSONNEL  OFFICE-->
Unification of WIZARD PERSONNELOFFICE PERSL-->Personneloffice Persl
Unification of WIZARD PERSONNEL  OFFICE SERV-->Serv
Unification of Wizard Personnel  Office Services-->
Unification of Wizard Personnel  Office Services-->
Unification of WIZARD PERSONNEL  OFFICE SERVICES-->
Unification of Wizard PersonnelOffice Services PL-->Personneloffice
Unification of WIZARD PERSONNEL  OFFICE SERVICES PTY L-->
Unification of Wizard Personnel  Office Services Pty Limited-->
Unification of WIZARD PERSONNEL  OFFICE SERVICES PTY LIMITED-->
Unification of WIZARD PERSONNEL  OFFICE SERVICES PTY LTD-->
Unification of WIZARD PERSONNELOFFICE SERVICES PTY LTD-->Personneloffi
Unification of WIZARD-->
Unification of Wizard Cleaning-->
Unification of Wizard Computer Training-->
Unification of WIZARD COMPUTER TRAINING-->
Unification of Wizard Computer Training PL-->
Unification of Wizard Computer Training Pty Ltd-->
Unification of WIZARD COMPUTER TRAINING  PTY LTD-->
Unification of WIZARD COMPUTER TRAINING PTY LTD-->
Unification of Wizard Corporate Training-->
Unification of Wizard CorporateTraining-->Corporatetraining
Unification of WIZARD CORPORATE TRAINING-->
Unification of Wizard Corporate Training PL-->
Unification of WIZARD CORPORATE TRAINING PL-->
Unification of Wizard Corporate Training Pty ltd-->
Unification of Wizard Corporate Training  Pty Ltd-->
Unification of Wizard Corporate Training Pty Ltd-->
Unification of WIZARD Corporate Training Pty Ltd-->
Unification of WIZARD CORPORATE TRAINING PTY LTD-->
Unification of Wizard Information Services-->
Unification of WIZARD INFORMATION SERVICES-->
Unification of WIZARD INFORMATION SERVICES CA-->Ca
Unification of Wizard Information Services PL-->
Unification of WIZARD INFORMATION SERVICES PL-->
Unification of WIZARD INFORMATION SERVICES PTY-->
Unification of Wizard Information Services Pty Limited-->
Unification of Wizard Information Services Pty Ltd-->
Unification of WIZARD INFORMATION SERVICES Pty Ltd-->
Unification of WIZARD INFORMATION SERVICES PTY LTD-->
Unification of ACN    Pty Ltd-->
Unification of ACN-->
Unification of ACN    Pty Ltd-->
Unification of ACT Department of Disability-->Disability
Unification of ACT DEPARTMENT OF DISABILITY-->Disability
Unification of ACT Department of Education-->
Unification of ACT DEPARTMENT OF EDUCATION-->
Unification of ACT DEPARTMENT OF EDUCATION-->
Unification of Air New Zealand-->
Unification of AIR NEW ZEALAND-->
Unification of AIR NEW ZEALAND ENGINEERING-->
Unification of Air New Zealand Engineering Service-->
Unification of AIR NEW ZEALAND ENGINEERING SERVICE-->
Unification of Air New Zealand Engineering Services-->
Unification of AIR NEW ZEALAND ENGINEERING SERVICES-->
Unification of AIR NEW ZEALAND ENG SERVICES-->Eng
Unification of Air New Zealand Ltd-->
